Sate,City,College name,College URL,Department,Cource,Description,img_url,related_jobs
Karnataka,Bangalore,CHRIST(Deemed to be University),https://www.christuniversity.in/,Computer Science,BCA-Bachelor of Computer Applications,,https://res.cloudinary.com/mhmd/image/upload/v1570786269/hoverSet-10_ccl30n.jpg,
Karnataka,Bangalore,CHRIST(Deemed to be University),https://www.christuniversity.in/,Computer Science,"BSc CMS-Bachelor of Science (BSc) in Computer Sc, Maths, Statistics ",,https://res.cloudinary.com/mhmd/image/upload/v1570786269/hoverSet-10_ccl30n.jpg,
Karnataka,Bangalore,CHRIST(Deemed to be University),https://www.christuniversity.in/,Computer Science,"BSc CME-Bachelor of Science (BSc) in Computer Sc, Maths, Electronics ",,https://res.cloudinary.com/mhmd/image/upload/v1570786269/hoverSet-10_ccl30n.jpg,
Karnataka,Bangalore,JAIN(Deemed to be University),https://jainuniversity.ac.in/,Computer Science,"Bachelor of Science (B.Sc) in Animation with International Moving Image Society, UK ",,https://res.cloudinary.com/mhmd/image/upload/v1570786269/hoverSet-10_ccl30n.jpg,
Karnataka,Bangalore,JAIN(Deemed to be University),https://jainuniversity.ac.in/,Computer Science,"Bachelor of Science (B.Sc) in Biochemistry, Genetics and Biotechnology (BcGBt) ",,https://res.cloudinary.com/mhmd/image/upload/v1570786269/hoverSet-10_ccl30n.jpg,
Karnataka,Bangalore,JAIN(Deemed to be University),https://jainuniversity.ac.in/,Computer Science,"Bachelor of Science (B.Sc) in Chemistry, Microbiology, Biotechnology (CMBt) ",,https://res.cloudinary.com/mhmd/image/upload/v1570786269/hoverSet-10_ccl30n.jpg,
Karnataka,Bangalore,JAIN(Deemed to be University),https://jainuniversity.ac.in/,Computer Science,"Bachelor of Science (B.Sc) in Digital Film Making integrated with International Moving Image Society, UK ",,https://res.cloudinary.com/mhmd/image/upload/v1570786269/hoverSet-10_ccl30n.jpg,
Karnataka,Bangalore,JAIN(Deemed to be University),https://jainuniversity.ac.in/,Computer Science,"Bachelor of Science (B.Sc) in Gaming with International Moving Image Society, UK ",,https://res.cloudinary.com/mhmd/image/upload/v1570786269/hoverSet-10_ccl30n.jpg,
Karnataka,Bangalore,JAIN(Deemed to be University),https://jainuniversity.ac.in/,Computer Science,"Bachelor of Science (B.Sc) in Physics, Mathematics, Computer Science ",,https://res.cloudinary.com/mhmd/image/upload/v1570786269/hoverSet-10_ccl30n.jpg,
Karnataka,Bangalore,JAIN(Deemed to be University),https://jainuniversity.ac.in/,Computer Science,"Bachelor of Science (B.Sc) in Renewable Energy, Physics, Computer Science ",,https://res.cloudinary.com/mhmd/image/upload/v1570786269/hoverSet-10_ccl30n.jpg,
Karnataka,Bangalore,JAIN(Deemed to be University),https://jainuniversity.ac.in/,Computer Science,Bachelor of Science (B.Sc) in Graphics & VFX with Arena Certified Expert in Graphic Design & VFX,,https://res.cloudinary.com/mhmd/image/upload/v1570786269/hoverSet-10_ccl30n.jpg,
Karnataka,Bangalore,JAIN(Deemed to be University),https://jainuniversity.ac.in/,Computer Science,Bachelor of Science (B.Sc) (Professional)in Forensic Science,,https://res.cloudinary.com/mhmd/image/upload/v1570786269/hoverSet-10_ccl30n.jpg,
Karnataka,Bangalore,JAIN(Deemed to be University),https://jainuniversity.ac.in/,Computer Science,"Bachelor of Science (B.Sc) (Honors) in Data Science and Analytics Integrated with Institute of Analytics (IoA-UK) + Royal Economics Society, UK + Royal Statistical Society (RSS-UK) ",,https://res.cloudinary.com/mhmd/image/upload/v1570786269/hoverSet-10_ccl30n.jpg,
Karnataka,Bangalore,JAIN(Deemed to be University),https://jainuniversity.ac.in/,Computer Science,Bachelor of Science (B.Sc) (Honors) in Forensic Science,,https://res.cloudinary.com/mhmd/image/upload/v1570786269/hoverSet-10_ccl30n.jpg,
Karnataka,Bangalore,JAIN(Deemed to be University),https://jainuniversity.ac.in/,Computer Science,Bachelor of Computer Application (BCA) in Artificial Intelligence in collaboration with Wiley ,,https://res.cloudinary.com/mhmd/image/upload/v1570786269/hoverSet-10_ccl30n.jpg,
Karnataka,Bangalore,JAIN(Deemed to be University),https://jainuniversity.ac.in/,Computer Science,Bachelor of Computer Application (BCA) in Cloud Technology and Information Security and Information Security integrated with Certification in CompTIA Cloud Essential / CompTIA Security+ ,,https://res.cloudinary.com/mhmd/image/upload/v1570786269/hoverSet-10_ccl30n.jpg,
Karnataka,Bangalore,JAIN(Deemed to be University),https://jainuniversity.ac.in/,Computer Science,Bachelor of Computer Application (BCA) in Cybersecurity program in collaboration with EC-Council ,,https://res.cloudinary.com/mhmd/image/upload/v1570786269/hoverSet-10_ccl30n.jpg,
Karnataka,Bangalore,JAIN(Deemed to be University),https://jainuniversity.ac.in/,Computer Science,Bachelor of Computer Application (BCA) in Data Analytics ,,https://res.cloudinary.com/mhmd/image/upload/v1570786269/hoverSet-10_ccl30n.jpg,
Karnataka,Bangalore,JAIN(Deemed to be University),https://jainuniversity.ac.in/,Computer Science,Bachelor of Computer Application (BCA) in Intelligent Process Automation integrated with RPA Developer Certificate by UiPath ,,https://res.cloudinary.com/mhmd/image/upload/v1570786269/hoverSet-10_ccl30n.jpg,
Karnataka,Bangalore,JAIN(Deemed to be University),https://jainuniversity.ac.in/,Computer Science,Bachelor of Computer Application (BCA) in Internet of Things integrated with Certification in IoT Fundamentals - Connecting Things from Cisco ,,https://res.cloudinary.com/mhmd/image/upload/v1570786269/hoverSet-10_ccl30n.jpg,
Karnataka,Bangalore,JAIN(Deemed to be University),https://jainuniversity.ac.in/,Computer Science,Bachelor of Computer Application (BCA) in Mobile Application and Information Security integrated with Certification in CompTIA Security+ / Apple iOS Application Development with Swift ,,https://res.cloudinary.com/mhmd/image/upload/v1570786269/hoverSet-10_ccl30n.jpg,
Karnataka,Bangalore,JAIN(Deemed to be University),https://jainuniversity.ac.in/,Computer Science,Bachelor of Computer Application (BCA) in Mobile Application and Cloud Technology integrated with Certification in CompTIA Cloud Essential / Apple iOS Application Development with Swift ,,https://res.cloudinary.com/mhmd/image/upload/v1570786269/hoverSet-10_ccl30n.jpg,
Karnataka,Bangalore,JAIN(Deemed to be University),https://jainuniversity.ac.in/,Computer Science,Bachelor of Computer Application (BCA) in User Interface and User Experience integrated with UX Designer Certification (IDF) ,,https://res.cloudinary.com/mhmd/image/upload/v1570786269/hoverSet-10_ccl30n.jpg,
Karnataka,Bangalore,JAIN(Deemed to be University),https://jainuniversity.ac.in/,Computer Science,Bachelor of Computer Application (BCA) Elective in Bachelor of Computer Application (BCA-Electives) integrated with Certification in CompTIA Server+,,https://res.cloudinary.com/mhmd/image/upload/v1570786269/hoverSet-10_ccl30n.jpg,
Karnataka,Bangalore,Kristu Jayanti College,http://kristujayanti.edu.in/home/,Computer Science,Bachelor of Computer Application [BCA],,https://res.cloudinary.com/mhmd/image/upload/v1570786269/hoverSet-10_ccl30n.jpg,
Karnataka,Bangalore,Kristu Jayanti College,http://kristujayanti.edu.in/home/,Computer Science,BCA with Analytics,,https://res.cloudinary.com/mhmd/image/upload/v1570786269/hoverSet-10_ccl30n.jpg,
Karnataka,Bangalore,Kristu Jayanti College,http://kristujayanti.edu.in/home/,Computer Science,"B.Sc Computer Science,Mathematics & Statistics",,https://res.cloudinary.com/mhmd/image/upload/v1570786269/hoverSet-10_ccl30n.jpg,
Karnataka,Bangalore,Kristu Jayanti College,http://kristujayanti.edu.in/home/,Computer Science,"B.Sc Computer Science,Mathematics & Statistics",,https://res.cloudinary.com/mhmd/image/upload/v1570786269/hoverSet-10_ccl30n.jpg,
Karnataka,Bangalore,Kristu Jayanti College,http://kristujayanti.edu.in/home/,Computer Science,"B.Sc Physics, Mathematics, Electronics ",,https://res.cloudinary.com/mhmd/image/upload/v1570786269/hoverSet-10_ccl30n.jpg,
Karnataka,Bangalore,Kristu Jayanti College,http://kristujayanti.edu.in/home/,Computer Science,"B.Sc Physics, Mathematics, Computer science ",,https://res.cloudinary.com/mhmd/image/upload/v1570786269/hoverSet-10_ccl30n.jpg,
Karnataka,Bangalore,Kristu Jayanti College,http://kristujayanti.edu.in/home/,Computer Science,"B.Sc Mathematics, Statistics, Economics",,https://res.cloudinary.com/mhmd/image/upload/v1570786269/hoverSet-10_ccl30n.jpg,
Karnataka,Bangalore,CHRIST(Deemed to be University),https://www.christuniversity.in/,Mathematics,"BSc CME-Bachelor of Science (BSc) in Computer Sc, Maths, Electronics ",,https://res.cloudinary.com/mhmd/image/upload/v1570786269/hoverSet-10_ccl30n.jpg,
Karnataka,Bangalore,CHRIST(Deemed to be University),https://www.christuniversity.in/,Mathematics,"BSc CMS-Bachelor of Science (BSc) in Computer Sc, Maths, Statistics ",,https://res.cloudinary.com/mhmd/image/upload/v1570786269/hoverSet-10_ccl30n.jpg,
Karnataka,Bangalore,CHRIST(Deemed to be University),https://www.christuniversity.in/,Mathematics,"BSc EMS-Bachelor of Science (BSc) Economics, Mathematics, Statistics ",,https://res.cloudinary.com/mhmd/image/upload/v1570786269/hoverSet-10_ccl30n.jpg,
Karnataka,Bangalore,CHRIST(Deemed to be University),https://www.christuniversity.in/,Mathematics,"BSc PCM-Bachelor of Science (BSc) in Physics, Chemistry, Maths ",,https://res.cloudinary.com/mhmd/image/upload/v1570786269/hoverSet-10_ccl30n.jpg,
Karnataka,Bangalore,CHRIST(Deemed to be University),https://www.christuniversity.in/,Mathematics,"BSc PME-Bachelor of Science (BSc) in Physics, Maths, Electronics",,https://res.cloudinary.com/mhmd/image/upload/v1570786269/hoverSet-10_ccl30n.jpg,
Karnataka,Bangalore,CHRIST(Deemed to be University),https://www.christuniversity.in/,Statistics,"BSc CMS-Bachelor of Science (BSc) in Computer Sc, Maths, Statistics ",,https://res.cloudinary.com/mhmd/image/upload/v1570786269/hoverSet-10_ccl30n.jpg,
Karnataka,Bangalore,CHRIST(Deemed to be University),https://www.christuniversity.in/,Statistics,"BSc EMS-Bachelor of Science (BSc) Economics, Mathematics, Statistics",,https://res.cloudinary.com/mhmd/image/upload/v1570786269/hoverSet-10_ccl30n.jpg,
Karnataka,Bangalore,CHRIST(Deemed to be University),https://www.christuniversity.in/,Business Management,Bachelor of Business Administration (BBA) - Bangalore Central Campus ,,https://res.cloudinary.com/mhmd/image/upload/v1570786269/hoverSet-10_ccl30n.jpg,
Delhi,Delhi,CHRIST(Deemed to be University),https://www.christuniversity.in/,Business Management,BBA - Delhi NCR Campus,,https://res.cloudinary.com/mhmd/image/upload/v1570786269/hoverSet-10_ccl30n.jpg,
Karnataka,Bangalore,CHRIST(Deemed to be University),https://www.christuniversity.in/,Business Management,BBA (Honours) - Bangalore Bannerghatta Road Campus ,,https://res.cloudinary.com/mhmd/image/upload/v1570786269/hoverSet-10_ccl30n.jpg,
Delhi,Delhi,CHRIST(Deemed to be University),https://www.christuniversity.in/,Business Management,BBA (Honours) - Delhi NCR Campus,,https://res.cloudinary.com/mhmd/image/upload/v1570786269/hoverSet-10_ccl30n.jpg,
Delhi,Delhi,CHRIST(Deemed to be University),https://www.christuniversity.in/,Business Management,BBA (Fin Tech Honours) - Delhi NCR Campus,,https://res.cloudinary.com/mhmd/image/upload/v1570786269/hoverSet-10_ccl30n.jpg,
Maharashtra,Pune,CHRIST(Deemed to be University),https://www.christuniversity.in/,Business Management,BBA (Business Analytics) - Pune Lavasa Campus,,https://res.cloudinary.com/mhmd/image/upload/v1570786269/hoverSet-10_ccl30n.jpg,
Delhi,Bangalore,CHRIST(Deemed to be University),https://www.christuniversity.in/,Business Management,BBA (Finance and International Business) - Bangalore Bannerghatta Road Campus,,https://res.cloudinary.com/mhmd/image/upload/v1570786269/hoverSet-10_ccl30n.jpg,
Karnataka,Bangalore,JAIN(Deemed to be University),https://jainuniversity.ac.in/,Business Management,Bachelor of Business Administration (BBA) in Corporate BBA ,,https://res.cloudinary.com/mhmd/image/upload/v1570786269/hoverSet-10_ccl30n.jpg,
Karnataka,Bangalore,JAIN(Deemed to be University),https://jainuniversity.ac.in/,Business Management,Bachelor of Business Administration (BBA) in (WOW – World of Work) Special Emphasis on Entrepreneurship,,https://res.cloudinary.com/mhmd/image/upload/v1570786269/hoverSet-10_ccl30n.jpg,
Karnataka,Bangalore,JAIN(Deemed to be University),https://jainuniversity.ac.in/,Business Management,Bachelor of Management Studies (BMS) in Aviation Management ,,https://res.cloudinary.com/mhmd/image/upload/v1570786269/hoverSet-10_ccl30n.jpg,
Karnataka,Bangalore,JAIN(Deemed to be University),https://jainuniversity.ac.in/,Business Management,Bachelor of Management Studies (BMS) in Branding and Entrepreneurship ,,https://res.cloudinary.com/mhmd/image/upload/v1570786269/hoverSet-10_ccl30n.jpg,
Karnataka,Bangalore,JAIN(Deemed to be University),https://jainuniversity.ac.in/,Business Management,Bachelor of Management Studies (BMS) in Digital Business ,,https://res.cloudinary.com/mhmd/image/upload/v1570786269/hoverSet-10_ccl30n.jpg,
Karnataka,Bangalore,JAIN(Deemed to be University),https://jainuniversity.ac.in/,Business Management,Bachelor of Management Studies (BMS) in Financial Services Integrated with Chartered Insurance Institute (CII - UK) ,,https://res.cloudinary.com/mhmd/image/upload/v1570786269/hoverSet-10_ccl30n.jpg,
Karnataka,Bangalore,JAIN(Deemed to be University),https://jainuniversity.ac.in/,Business Management,Bachelor of Management Studies (BMS) in International Business Integrated with Chartered Institute of Marketing (CIM - UK) ,,https://res.cloudinary.com/mhmd/image/upload/v1570786269/hoverSet-10_ccl30n.jpg,
Karnataka,Bangalore,JAIN(Deemed to be University),https://jainuniversity.ac.in/,Business Management,Bachelor of Management Studies (BMS) in International Finance with Chartered Global Management Accountant (CGMA - UK) ,,https://res.cloudinary.com/mhmd/image/upload/v1570786269/hoverSet-10_ccl30n.jpg,
Karnataka,Bangalore,JAIN(Deemed to be University),https://jainuniversity.ac.in/,Business Management,Bachelor of Management Studies (BMS) in Strategy & Leadership integrated with Harvard Business Publishing Simulations and certifications and Institute of Leadership & Management (ILM-UK) ,,https://res.cloudinary.com/mhmd/image/upload/v1570786269/hoverSet-10_ccl30n.jpg,
Karnataka,Bangalore,JAIN(Deemed to be University),https://jainuniversity.ac.in/,Business Management,Bachelor of Management Studies (BMS) in Tourism and Hospitality Management Accredited by Institute of Hospitality ,,https://res.cloudinary.com/mhmd/image/upload/v1570786269/hoverSet-10_ccl30n.jpg,
Karnataka,Bangalore,JAIN(Deemed to be University),https://jainuniversity.ac.in/,Business Management,"Bachelor of Management Studies (BMS) in International Marketing integrated with Digital Marketing Institute of (Dublin), Ireland * ",,https://res.cloudinary.com/mhmd/image/upload/v1570786269/hoverSet-10_ccl30n.jpg,
Karnataka,Bangalore,JAIN(Deemed to be University),https://jainuniversity.ac.in/,Business Management,Bachelor of Management Studies (BMS) in Event Management ,,https://res.cloudinary.com/mhmd/image/upload/v1570786269/hoverSet-10_ccl30n.jpg,
Karnataka,Bangalore,JAIN(Deemed to be University),https://jainuniversity.ac.in/,Business Management,Bachelor of Management Studies (BMS) in Specialization in Sports Management,,https://res.cloudinary.com/mhmd/image/upload/v1570786269/hoverSet-10_ccl30n.jpg,
Karnataka,Bangalore,Kristu Jayanti College,http://kristujayanti.edu.in/home/,Business Management,Bachelor of Busines Administration [BBA],,https://res.cloudinary.com/mhmd/image/upload/v1570786269/hoverSet-10_ccl30n.jpg,
Karnataka,Bangalore,Kristu Jayanti College,http://kristujayanti.edu.in/home/,Business Management,BBA (Integrated with CGMA) ,,https://res.cloudinary.com/mhmd/image/upload/v1570786269/hoverSet-10_ccl30n.jpg,
Karnataka,Bangalore,Kristu Jayanti College,http://kristujayanti.edu.in/home/,Business Management,BBA Aviation Management ,,https://res.cloudinary.com/mhmd/image/upload/v1570786269/hoverSet-10_ccl30n.jpg,
Karnataka,Bangalore,Kristu Jayanti College,http://kristujayanti.edu.in/home/,Business Management,BBA Business Analytics ,,https://res.cloudinary.com/mhmd/image/upload/v1570786269/hoverSet-10_ccl30n.jpg,
Karnataka,Bangalore,CHRIST(Deemed to be University),https://www.christuniversity.in/,School of Law,"Bachelor of Law (BA., LLB) (Honours) ",,https://res.cloudinary.com/mhmd/image/upload/v1570786269/hoverSet-10_ccl30n.jpg,
Karnataka,Bangalore,CHRIST(Deemed to be University),https://www.christuniversity.in/,School of Law,"Bachelor of Law (BBA., LLB) (Honours)",,https://res.cloudinary.com/mhmd/image/upload/v1570786269/hoverSet-10_ccl30n.jpg,
Karnataka,Bangalore,Kristu Jayanti College,http://kristujayanti.edu.in/home/,School of Law,BA.LLB,,https://res.cloudinary.com/mhmd/image/upload/v1570786269/hoverSet-10_ccl30n.jpg,
Karnataka,Bangalore,Kristu Jayanti College,http://kristujayanti.edu.in/home/,School of Law,BCOM.LLB,,https://res.cloudinary.com/mhmd/image/upload/v1570786269/hoverSet-10_ccl30n.jpg,
Karnataka,Bangalore,Kristu Jayanti College,http://kristujayanti.edu.in/home/,School of Law,BBA.LLB,,https://res.cloudinary.com/mhmd/image/upload/v1570786269/hoverSet-10_ccl30n.jpg,
Karnataka,Bangalore,Alliance University,https://www.alliance.edu.in/,School of Law,BA LLB. (Hons.),,https://res.cloudinary.com/mhmd/image/upload/v1570786269/hoverSet-10_ccl30n.jpg,
Karnataka,Bangalore,Alliance University,https://www.alliance.edu.in/,School of Law,BBA LLB. (Hons.),,https://res.cloudinary.com/mhmd/image/upload/v1570786269/hoverSet-10_ccl30n.jpg,
Karnataka,Bangalore,JAIN(Deemed to be University),https://jainuniversity.ac.in/,Allied Health Care,B.Sc. Anesthesia Technology,,https://res.cloudinary.com/mhmd/image/upload/v1570786269/hoverSet-10_ccl30n.jpg,
Karnataka,Bangalore,JAIN(Deemed to be University),https://jainuniversity.ac.in/,Allied Health Care,B.Sc. Cancer Biology,,https://res.cloudinary.com/mhmd/image/upload/v1570786269/hoverSet-10_ccl30n.jpg,
Karnataka,Bangalore,JAIN(Deemed to be University),https://jainuniversity.ac.in/,Allied Health Care,B.Sc. Cardiac Technology,,https://res.cloudinary.com/mhmd/image/upload/v1570786269/hoverSet-10_ccl30n.jpg,
Karnataka,Bangalore,JAIN(Deemed to be University),https://jainuniversity.ac.in/,Allied Health Care,B.Sc. Critical Care Technology,,https://res.cloudinary.com/mhmd/image/upload/v1570786269/hoverSet-10_ccl30n.jpg,
Karnataka,Bangalore,JAIN(Deemed to be University),https://jainuniversity.ac.in/,Allied Health Care,B.Sc. Dialysis,,https://res.cloudinary.com/mhmd/image/upload/v1570786269/hoverSet-10_ccl30n.jpg,
Karnataka,Bangalore,JAIN(Deemed to be University),https://jainuniversity.ac.in/,Allied Health Care,B.Sc. Hospital Administration,,https://res.cloudinary.com/mhmd/image/upload/v1570786269/hoverSet-10_ccl30n.jpg,
Karnataka,Bangalore,JAIN(Deemed to be University),https://jainuniversity.ac.in/,Allied Health Care,B.Sc. Medical Lab Technology,,https://res.cloudinary.com/mhmd/image/upload/v1570786269/hoverSet-10_ccl30n.jpg,
Karnataka,Bangalore,JAIN(Deemed to be University),https://jainuniversity.ac.in/,Allied Health Care,B.Sc. Medical Record Technology,,https://res.cloudinary.com/mhmd/image/upload/v1570786269/hoverSet-10_ccl30n.jpg,
Karnataka,Bangalore,JAIN(Deemed to be University),https://jainuniversity.ac.in/,Allied Health Care,B.Sc. Nuclear Medicine Technology,,https://res.cloudinary.com/mhmd/image/upload/v1570786269/hoverSet-10_ccl30n.jpg,
Karnataka,Bangalore,JAIN(Deemed to be University),https://jainuniversity.ac.in/,Allied Health Care,B.Sc. Nutrition & Dietics,,https://res.cloudinary.com/mhmd/image/upload/v1570786269/hoverSet-10_ccl30n.jpg,
Karnataka,Bangalore,JAIN(Deemed to be University),https://jainuniversity.ac.in/,Allied Health Care,B.Sc. Operation Theater Technology,,https://res.cloudinary.com/mhmd/image/upload/v1570786269/hoverSet-10_ccl30n.jpg,
Karnataka,Bangalore,JAIN(Deemed to be University),https://jainuniversity.ac.in/,Allied Health Care,B.Sc. Optometry,,https://res.cloudinary.com/mhmd/image/upload/v1570786269/hoverSet-10_ccl30n.jpg,
Karnataka,Bangalore,JAIN(Deemed to be University),https://jainuniversity.ac.in/,Allied Health Care,B.Sc. Radiation Technology,,https://res.cloudinary.com/mhmd/image/upload/v1570786269/hoverSet-10_ccl30n.jpg,
Karnataka,Bangalore,JAIN(Deemed to be University),https://jainuniversity.ac.in/,Allied Health Care,B.Sc. Renal Dialysis Technology,,https://res.cloudinary.com/mhmd/image/upload/v1570786269/hoverSet-10_ccl30n.jpg,
Karnataka,Bangalore,JAIN(Deemed to be University),https://jainuniversity.ac.in/,Allied Health Care,B.Sc. Virology & Immunology,,https://res.cloudinary.com/mhmd/image/upload/v1570786269/hoverSet-10_ccl30n.jpg,
Karnataka,Bangalore,JAIN(Deemed to be University),https://jainuniversity.ac.in/,Allied Health Care,B.Sc. (Hons) Psychology,,https://res.cloudinary.com/mhmd/image/upload/v1570786269/hoverSet-10_ccl30n.jpg,
Karnataka,Bangalore,JAIN(Deemed to be University),https://jainuniversity.ac.in/,Allied Health Care,BCA IT for Healthcare,,https://res.cloudinary.com/mhmd/image/upload/v1570786269/hoverSet-10_ccl30n.jpg,
Karnataka,Bangalore,JAIN(Deemed to be University),https://jainuniversity.ac.in/,Allied Health Care,B.Com Healthcare,,https://res.cloudinary.com/mhmd/image/upload/v1570786269/hoverSet-10_ccl30n.jpg,
Karnataka,Bangalore,JAIN(Deemed to be University),https://jainuniversity.ac.in/,Allied Health Care,BA (Hons) Healthcare Tourism & Hospitality,,https://res.cloudinary.com/mhmd/image/upload/v1570786269/hoverSet-10_ccl30n.jpg,
Karnataka,Bangalore,JAIN(Deemed to be University),https://jainuniversity.ac.in/,Allied Health Care,BMS Healthcare Management,,https://res.cloudinary.com/mhmd/image/upload/v1570786269/hoverSet-10_ccl30n.jpg,
Karnataka,Bangalore,JAIN(Deemed to be University),https://jainuniversity.ac.in/,"Arts and Humanities, Social Science, Business and Management",Bachelor of Design,,https://res.cloudinary.com/mhmd/image/upload/v1570786269/hoverSet-10_ccl30n.jpg,
Karnataka,Bangalore,JAIN(Deemed to be University),https://jainuniversity.ac.in/,"Arts and Humanities, Social Science, Business and Management",BSc Interior Design Accredited with Chartered Society of Design (CSD-UK),,https://res.cloudinary.com/mhmd/image/upload/v1570786269/hoverSet-10_ccl30n.jpg,
Karnataka,Bangalore,JAIN(Deemed to be University),https://jainuniversity.ac.in/,"Arts and Humanities, Social Science, Business and Management",Bachelor of Arts (Honours) in Fashion Design   ,,https://res.cloudinary.com/mhmd/image/upload/v1570786269/hoverSet-10_ccl30n.jpg,
Karnataka,Bangalore,JAIN(Deemed to be University),https://jainuniversity.ac.in/,"Arts and Humanities, Social Science, Business and Management",Bachelor of Arts (Honours) in Film Making and Digital Production   ,,https://res.cloudinary.com/mhmd/image/upload/v1570786269/hoverSet-10_ccl30n.jpg,
Karnataka,Bangalore,JAIN(Deemed to be University),https://jainuniversity.ac.in/,"Arts and Humanities, Social Science, Business and Management",Bachelor of Arts (Honours) in Communication Design - Animation / Visual Effects / Game Arts & Design / Graphic Design / Advertising / Photography / UI & UX ,,https://res.cloudinary.com/mhmd/image/upload/v1570786269/hoverSet-10_ccl30n.jpg,
Karnataka,Bangalore,JAIN(Deemed to be University),https://jainuniversity.ac.in/,"Arts and Humanities, Social Science, Business and Management","Bachelor of Arts in Optional English, Psychology, Journalism ",,https://res.cloudinary.com/mhmd/image/upload/v1570786269/hoverSet-10_ccl30n.jpg,
Karnataka,Bangalore,JAIN(Deemed to be University),https://jainuniversity.ac.in/,"Arts and Humanities, Social Science, Business and Management","Bachelor of Arts in Psychology, Sociology, Economics",,https://res.cloudinary.com/mhmd/image/upload/v1570786269/hoverSet-10_ccl30n.jpg,
Karnataka,Bangalore,JAIN(Deemed to be University),https://jainuniversity.ac.in/,"Arts and Humanities, Social Science, Business and Management",Bachelor of Arts (Honors) in Economics with Royal Economic Society (RES – UK) + Association of Certified Chartered Economists ,,https://res.cloudinary.com/mhmd/image/upload/v1570786269/hoverSet-10_ccl30n.jpg,
Karnataka,Bangalore,JAIN(Deemed to be University),https://jainuniversity.ac.in/,"Arts and Humanities, Social Science, Business and Management",Bachelor of Arts (Honors) in Music,,https://res.cloudinary.com/mhmd/image/upload/v1570786269/hoverSet-10_ccl30n.jpg,
Karnataka,Bangalore,JAIN(Deemed to be University),https://jainuniversity.ac.in/,"Arts and Humanities, Social Science, Business and Management",Bachelor of Arts (Professional) in Journalism & Mass communication  ,,https://res.cloudinary.com/mhmd/image/upload/v1570786269/hoverSet-10_ccl30n.jpg,
Karnataka,Bangalore,JAIN(Deemed to be University),https://jainuniversity.ac.in/,"Arts and Humanities, Social Science, Business and Management",Bachelor of Science (Honours) in Interior Design   ,,https://res.cloudinary.com/mhmd/image/upload/v1570786269/hoverSet-10_ccl30n.jpg,
Karnataka,Bangalore,JAIN(Deemed to be University),https://jainuniversity.ac.in/,"Arts and Humanities, Social Science, Business and Management",Bachelor of Science (Honours) in Product Design   ,,https://res.cloudinary.com/mhmd/image/upload/v1570786269/hoverSet-10_ccl30n.jpg,
Karnataka,Bangalore,JAIN(Deemed to be University),https://jainuniversity.ac.in/,"Arts and Humanities, Social Science, Business and Management",Bachelor of Science (Honours) in Game Development and Coding   ,,https://res.cloudinary.com/mhmd/image/upload/v1570786269/hoverSet-10_ccl30n.jpg,
Karnataka,Bangalore,JAIN(Deemed to be University),https://jainuniversity.ac.in/,"Arts and Humanities, Social Science, Business and Management",Bachelor of Science in Design  in Brand Identity and Visual Communication,,https://res.cloudinary.com/mhmd/image/upload/v1570786269/hoverSet-10_ccl30n.jpg,
Karnataka,Bangalore,CHRIST(Deemed to be University),https://www.christuniversity.in/,"Arts and Humanities, Social Science, Business and Management",Bachelor of Arts (Liberal Arts) ,,https://res.cloudinary.com/mhmd/image/upload/v1570786269/hoverSet-10_ccl30n.jpg,
Karnataka,Bangalore,CHRIST(Deemed to be University),https://www.christuniversity.in/,"Arts and Humanities, Social Science, Business and Management",BBA (Honours) - Bangalore Bannerghatta Road Campus ,,https://res.cloudinary.com/mhmd/image/upload/v1570786269/hoverSet-10_ccl30n.jpg,
Karnataka,Bangalore,CHRIST(Deemed to be University),https://www.christuniversity.in/,"Arts and Humanities, Social Science, Business and Management","Bachelor of Arts (BA) in English, Political Science, History ",,https://res.cloudinary.com/mhmd/image/upload/v1570786269/hoverSet-10_ccl30n.jpg,
Karnataka,Bangalore,CHRIST(Deemed to be University),https://www.christuniversity.in/,"Arts and Humanities, Social Science, Business and Management",BBA (Finance and International Business) - Bangalore Bannerghatta Road Campus ,,https://res.cloudinary.com/mhmd/image/upload/v1570786269/hoverSet-10_ccl30n.jpg,
Karnataka,Bangalore,CHRIST(Deemed to be University),https://www.christuniversity.in/,"Arts and Humanities, Social Science, Business and Management","Bachelor of Arts (BA) in Economics, Media Studies, Political Science ",,https://res.cloudinary.com/mhmd/image/upload/v1570786269/hoverSet-10_ccl30n.jpg,
Karnataka,Bangalore,CHRIST(Deemed to be University),https://www.christuniversity.in/,"Arts and Humanities, Social Science, Business and Management",Bachelor of Business Management (Tourism and Travel Management) - Bangalore Bannerghatta Road Campus ,,https://res.cloudinary.com/mhmd/image/upload/v1570786269/hoverSet-10_ccl30n.jpg,
Karnataka,Bangalore,CHRIST(Deemed to be University),https://www.christuniversity.in/,"Arts and Humanities, Social Science, Business and Management",Bachelor of Arts (BA) Honours in English ,,https://res.cloudinary.com/mhmd/image/upload/v1570786269/hoverSet-10_ccl30n.jpg,
Karnataka,Bangalore,CHRIST(Deemed to be University),https://www.christuniversity.in/,"Arts and Humanities, Social Science, Business and Management",Bachelor of Arts (BA) Honours in Economics ,,https://res.cloudinary.com/mhmd/image/upload/v1570786269/hoverSet-10_ccl30n.jpg,
Karnataka,Bangalore,CHRIST(Deemed to be University),https://www.christuniversity.in/,"Arts and Humanities, Social Science, Business and Management",Bachelor of Arts (BA) Honours in Journalism ,,https://res.cloudinary.com/mhmd/image/upload/v1570786269/hoverSet-10_ccl30n.jpg,
Karnataka,Bangalore,CHRIST(Deemed to be University),https://www.christuniversity.in/,"Arts and Humanities, Social Science, Business and Management",Bachelor of Science (BSc) Honours in Psychology,,https://res.cloudinary.com/mhmd/image/upload/v1570786269/hoverSet-10_ccl30n.jpg,
Karnataka,Bangalore,Kristu Jayanti College,http://kristujayanti.edu.in/home/,"Arts and Humanities, Social Science, Business and Management","BA Journalism, Psychology, Computer Science ",,https://res.cloudinary.com/mhmd/image/upload/v1570786269/hoverSet-10_ccl30n.jpg,
Karnataka,Bangalore,Kristu Jayanti College,http://kristujayanti.edu.in/home/,"Arts and Humanities, Social Science, Business and Management","BA Journalism, Psychology, English Literature ",,https://res.cloudinary.com/mhmd/image/upload/v1570786269/hoverSet-10_ccl30n.jpg,
Karnataka,Bangalore,Kristu Jayanti College,http://kristujayanti.edu.in/home/,"Arts and Humanities, Social Science, Business and Management","BA Journalism, Economics, Optional English  ",,https://res.cloudinary.com/mhmd/image/upload/v1570786269/hoverSet-10_ccl30n.jpg,
Karnataka,Bangalore,Kristu Jayanti College,http://kristujayanti.edu.in/home/,"Arts and Humanities, Social Science, Business and Management",BA English (Honours)  ,,https://res.cloudinary.com/mhmd/image/upload/v1570786269/hoverSet-10_ccl30n.jpg,
Karnataka,Bangalore,Kristu Jayanti College,http://kristujayanti.edu.in/home/,"Arts and Humanities, Social Science, Business and Management","BA Performing Arts, Psychology, English, Literature",,https://res.cloudinary.com/mhmd/image/upload/v1570786269/hoverSet-10_ccl30n.jpg,
Karnataka,Bangalore,Kristu Jayanti College,http://kristujayanti.edu.in/home/,"Arts and Humanities, Social Science, Business and Management","BA History, Economics, Political Science",,https://res.cloudinary.com/mhmd/image/upload/v1570786269/hoverSet-10_ccl30n.jpg,
Karnataka,Bangalore,Kristu Jayanti College,http://kristujayanti.edu.in/home/,"Arts and Humanities, Social Science, Business and Management","BA History, Tourism, Journalism",,https://res.cloudinary.com/mhmd/image/upload/v1570786269/hoverSet-10_ccl30n.jpg,
Karnataka,Bangalore,Kristu Jayanti College,http://kristujayanti.edu.in/home/,"Arts and Humanities, Social Science, Business and Management","BA Journalism, Political Science, English  , Literature",,https://res.cloudinary.com/mhmd/image/upload/v1570786269/hoverSet-10_ccl30n.jpg,
Karnataka,Bangalore,Kristu Jayanti College,http://kristujayanti.edu.in/home/,"Arts and Humanities, Social Science, Business and Management","BA Economics, Political Science, Sociology",,https://res.cloudinary.com/mhmd/image/upload/v1570786269/hoverSet-10_ccl30n.jpg,
Karnataka,Bangalore,CHRIST(Deemed to be University),https://www.christuniversity.in/,Chemistry,"BSc BCB-Bachelor of Science (BSc) in Biotechnology, Chemistry, Botany ",,https://res.cloudinary.com/mhmd/image/upload/v1570786269/hoverSet-10_ccl30n.jpg,
Karnataka,Bangalore,CHRIST(Deemed to be University),https://www.christuniversity.in/,Chemistry,"BSc BCZ-Bachelor of Science (BSc) in Biotechnology, Chemistry, Zoology ",,https://res.cloudinary.com/mhmd/image/upload/v1570786269/hoverSet-10_ccl30n.jpg,
Karnataka,Bangalore,CHRIST(Deemed to be University),https://www.christuniversity.in/,Chemistry,"BSc CBZ-Bachelor of Science (BSc) in Chemistry, Botany, Zoology ",,https://res.cloudinary.com/mhmd/image/upload/v1570786269/hoverSet-10_ccl30n.jpg,
Karnataka,Bangalore,CHRIST(Deemed to be University),https://www.christuniversity.in/,Chemistry,"BSc PCM-Bachelor of Science (BSc) in Physics, Chemistry, Maths",,https://res.cloudinary.com/mhmd/image/upload/v1570786269/hoverSet-10_ccl30n.jpg,
Karnataka,Bangalore,CHRIST(Deemed to be University),https://www.christuniversity.in/,Civil Engineering,Bachelor of Technology (BTech) in Civil Engineering (Construction Engineering and Management) ,,https://res.cloudinary.com/mhmd/image/upload/v1570786269/hoverSet-10_ccl30n.jpg,
Karnataka,Bangalore,CHRIST(Deemed to be University),https://www.christuniversity.in/,Civil Engineering,Bachelor of Technology (BTech) in Civil Engineering,,https://res.cloudinary.com/mhmd/image/upload/v1570786269/hoverSet-10_ccl30n.jpg,
Karnataka,Bangalore,CHRIST(Deemed to be University),https://www.christuniversity.in/,Electrical and Electronics,Bachelor of Technology (BTech) in Electrical and Electronics Engineering,,https://res.cloudinary.com/mhmd/image/upload/v1570786269/hoverSet-10_ccl30n.jpg,
Karnataka,Bangalore,JAIN(Deemed to be University),https://jainuniversity.ac.in/,Electrical and Electronics,Bachelor of Technology (B.Tech) in Electrical Engineering  ,,https://res.cloudinary.com/mhmd/image/upload/v1570786269/hoverSet-10_ccl30n.jpg,
Karnataka,Bangalore,Alliance University,https://www.alliance.edu.in/,Electrical and Electronics,B.Tech. in Electrical and Electronics Engineering,,https://res.cloudinary.com/mhmd/image/upload/v1570786269/hoverSet-10_ccl30n.jpg,
Karnataka,Bangalore,Alliance University,https://www.alliance.edu.in/,Computer Science and Engineering,B.Tech. in Mechanical Engineering,,https://res.cloudinary.com/mhmd/image/upload/v1570786269/hoverSet-10_ccl30n.jpg,
Karnataka,Bangalore,Alliance University,https://www.alliance.edu.in/,Computer Science and Engineering,B.Tech. in Computer Science & Engineering,,https://res.cloudinary.com/mhmd/image/upload/v1570786269/hoverSet-10_ccl30n.jpg,
Karnataka,Bangalore,Alliance University,https://www.alliance.edu.in/,Computer Science and Engineering,B.Tech. in Electronics and Communication Engineering,,https://res.cloudinary.com/mhmd/image/upload/v1570786269/hoverSet-10_ccl30n.jpg,
Karnataka,Bangalore,Alliance University,https://www.alliance.edu.in/,Computer Science and Engineering,B.Tech. in Aerospace Engineering,,https://res.cloudinary.com/mhmd/image/upload/v1570786269/hoverSet-10_ccl30n.jpg,
Karnataka,Bangalore,Alliance University,https://www.alliance.edu.in/,Computer Science and Engineering,B.Tech. in Information Technology,,https://res.cloudinary.com/mhmd/image/upload/v1570786269/hoverSet-10_ccl30n.jpg,
Karnataka,Bangalore,JAIN(Deemed to be University),https://jainuniversity.ac.in/,Computer Science and Engineering,Bachelor of Technology (B.Tech) in School of Mechanical Engineering    ,,https://res.cloudinary.com/mhmd/image/upload/v1570786269/hoverSet-10_ccl30n.jpg,
Karnataka,Bangalore,JAIN(Deemed to be University),https://jainuniversity.ac.in/,Computer Science and Engineering,Bachelor of Technology (B.Tech) in School of Computer Science Engineering   ,,https://res.cloudinary.com/mhmd/image/upload/v1570786269/hoverSet-10_ccl30n.jpg,
Karnataka,Bangalore,JAIN(Deemed to be University),https://jainuniversity.ac.in/,Computer Science and Engineering,Bachelor of Technology (B.Tech) in School of Aerospace Engineering   ,,https://res.cloudinary.com/mhmd/image/upload/v1570786269/hoverSet-10_ccl30n.jpg,
Karnataka,Bangalore,CHRIST(Deemed to be University),https://www.christuniversity.in/,Computer Science and Engineering,Bachelor of Technology (BTech) in Computer Science and Engineering (Artificial Intelligence and Machine Learning) ,,https://res.cloudinary.com/mhmd/image/upload/v1570786269/hoverSet-10_ccl30n.jpg,
Karnataka,Bangalore,CHRIST(Deemed to be University),https://www.christuniversity.in/,Computer Science and Engineering,Bachelor of Technology (BTech) in Computer Science and Engineering(Data Science) ,,https://res.cloudinary.com/mhmd/image/upload/v1570786269/hoverSet-10_ccl30n.jpg,
Karnataka,Bangalore,CHRIST(Deemed to be University),https://www.christuniversity.in/,Computer Science and Engineering,Bachelor of Technology (BTech) in Computer Science and Engineering(IoT) ,,https://res.cloudinary.com/mhmd/image/upload/v1570786269/hoverSet-10_ccl30n.jpg,
Karnataka,Bangalore,CHRIST(Deemed to be University),https://www.christuniversity.in/,Computer Science and Engineering,Bachelor of Technology (BTech) in Computer Science and Engineering ,,https://res.cloudinary.com/mhmd/image/upload/v1570786269/hoverSet-10_ccl30n.jpg,
Karnataka,Bangalore,CHRIST(Deemed to be University),https://www.christuniversity.in/,Computer Science and Engineering,Bachelor of Technology (BTech) in Information Technology,,https://res.cloudinary.com/mhmd/image/upload/v1570786269/hoverSet-10_ccl30n.jpg,
Karnataka,Bangalore,CHRIST(Deemed to be University),https://www.christuniversity.in/,Economics,"BA EPS-Bachelor of Arts (BA) in Economics, Political Science, Sociology ",,https://res.cloudinary.com/mhmd/image/upload/v1570786269/hoverSet-10_ccl30n.jpg,
Karnataka,Bangalore,CHRIST(Deemed to be University),https://www.christuniversity.in/,Economics,"BA HEP-Bachelor of Arts (BA) in History, Economics, Political Science ",,https://res.cloudinary.com/mhmd/image/upload/v1570786269/hoverSet-10_ccl30n.jpg,
Karnataka,Bangalore,CHRIST(Deemed to be University),https://www.christuniversity.in/,Economics,"BSc EMS-Bachelor of Science (BSc) Economics, Mathematics, Statistics ",,https://res.cloudinary.com/mhmd/image/upload/v1570786269/hoverSet-10_ccl30n.jpg,
Karnataka,Bangalore,CHRIST(Deemed to be University),https://www.christuniversity.in/,Economics,"BA PSEco-Bachelor of Arts (BA) in Psychology, Sociology, Economics",,https://res.cloudinary.com/mhmd/image/upload/v1570786269/hoverSet-10_ccl30n.jpg,
Karnataka,Bangalore,CHRIST(Deemed to be University),https://www.christuniversity.in/,Hotel Management,Bachelor of Hotel Management (BHM) - Bangalore Central Campus,,https://res.cloudinary.com/mhmd/image/upload/v1570786269/hoverSet-10_ccl30n.jpg,
Karnataka,Bangalore,CHRIST(Deemed to be University),https://www.christuniversity.in/,Electronics & Communication,Bachelor of Technology (BTech) in Electronics and Computer Engineering ,,https://res.cloudinary.com/mhmd/image/upload/v1570786269/hoverSet-10_ccl30n.jpg,
Karnataka,Bangalore,CHRIST(Deemed to be University),https://www.christuniversity.in/,Electronics & Communication,Bachelor of Technology (BTech) in Electronics and Communication Engineering,,https://res.cloudinary.com/mhmd/image/upload/v1570786269/hoverSet-10_ccl30n.jpg,
Karnataka,Bangalore,CHRIST(Deemed to be University),https://www.christuniversity.in/,English,"BA CEP-Bachelor of Arts (BA) in Communication and Media, English and Psychology ",,https://res.cloudinary.com/mhmd/image/upload/v1570786269/hoverSet-10_ccl30n.jpg,
Karnataka,Bangalore,CHRIST(Deemed to be University),https://www.christuniversity.in/,English,"BA JPEng-Bachelor of Arts (BA) in Journalism, Psychology, English ",,https://res.cloudinary.com/mhmd/image/upload/v1570786269/hoverSet-10_ccl30n.jpg,
Karnataka,Bangalore,CHRIST(Deemed to be University),https://www.christuniversity.in/,English,"BA PSEng-Bachelor of Arts (BA) in Psychology, Sociology, English ",,https://res.cloudinary.com/mhmd/image/upload/v1570786269/hoverSet-10_ccl30n.jpg,
Karnataka,Bangalore,CHRIST(Deemed to be University),https://www.christuniversity.in/,English,"BA PEP-Bachelor of Arts (BA) in Performing Arts, English, Psychology",,https://res.cloudinary.com/mhmd/image/upload/v1570786269/hoverSet-10_ccl30n.jpg,
Karnataka,Bangalore,CHRIST(Deemed to be University),https://www.christuniversity.in/,Life Sciences,"BSc BCB-Bachelor of Science (BSc) in Biotechnology, Chemistry, Botany ",,https://res.cloudinary.com/mhmd/image/upload/v1570786269/hoverSet-10_ccl30n.jpg,
Karnataka,Bangalore,CHRIST(Deemed to be University),https://www.christuniversity.in/,Life Sciences,"BSc BCZ-Bachelor of Science (BSc) in Biotechnology, Chemistry, Zoology ",,https://res.cloudinary.com/mhmd/image/upload/v1570786269/hoverSet-10_ccl30n.jpg,
Karnataka,Bangalore,CHRIST(Deemed to be University),https://www.christuniversity.in/,Life Sciences,"BSc CBZ-Bachelor of Science (BSc) in Chemistry, Botany, Zoology",,https://res.cloudinary.com/mhmd/image/upload/v1570786269/hoverSet-10_ccl30n.jpg,
Karnataka,Bangalore,Kristu Jayanti College,http://kristujayanti.edu.in/home/,Life Sciences,"B.Sc Biotechnology Biochemistry, Genetics",,https://res.cloudinary.com/mhmd/image/upload/v1570786269/hoverSet-10_ccl30n.jpg,
Karnataka,Bangalore,Kristu Jayanti College,http://kristujayanti.edu.in/home/,Life Sciences,"B.Sc Microbiology Biochemistry, Genetics",,https://res.cloudinary.com/mhmd/image/upload/v1570786269/hoverSet-10_ccl30n.jpg,
Karnataka,Bangalore,Kristu Jayanti College,http://kristujayanti.edu.in/home/,Life Sciences,B.Sc (Honors) Forensic Science,,https://res.cloudinary.com/mhmd/image/upload/v1570786269/hoverSet-10_ccl30n.jpg,
Karnataka,Bangalore,Kristu Jayanti College,http://kristujayanti.edu.in/home/,Life Sciences,B.Sc Botany (BBB),,https://res.cloudinary.com/mhmd/image/upload/v1570786269/hoverSet-10_ccl30n.jpg,
Karnataka,Bangalore,CHRIST(Deemed to be University),https://www.christuniversity.in/,"International Studies, Political Science and History","BA EPS-Bachelor of Arts (BA) in Economics, Political Science, Sociology ",,https://res.cloudinary.com/mhmd/image/upload/v1570786269/hoverSet-10_ccl30n.jpg,
Karnataka,Bangalore,CHRIST(Deemed to be University),https://www.christuniversity.in/,"International Studies, Political Science and History","BA HEP-Bachelor of Arts (BA) in History, Economics, Political Science",,https://res.cloudinary.com/mhmd/image/upload/v1570786269/hoverSet-10_ccl30n.jpg,
Karnataka,Bangalore,CHRIST(Deemed to be University),https://www.christuniversity.in/,Media Studies,"BA CEP-Bachelor of Arts (BA) in Communication and Media, English and Psychology ",,https://res.cloudinary.com/mhmd/image/upload/v1570786269/hoverSet-10_ccl30n.jpg,
Karnataka,Bangalore,CHRIST(Deemed to be University),https://www.christuniversity.in/,Media Studies,"BA JPEng-Bachelor of Arts (BA) in Journalism, Psychology, English",,https://res.cloudinary.com/mhmd/image/upload/v1570786269/hoverSet-10_ccl30n.jpg,
Karnataka,Bangalore,CHRIST(Deemed to be University),https://www.christuniversity.in/,Mechanical and Automobile Engineering,Bachelor of Technology (BTech) in (Robotics and Mechatronics) ,,https://res.cloudinary.com/mhmd/image/upload/v1570786269/hoverSet-10_ccl30n.jpg,
Karnataka,Bangalore,CHRIST(Deemed to be University),https://www.christuniversity.in/,Mechanical and Automobile Engineering,Bachelor of Technology (BTech) in Automobile Engineering ,,https://res.cloudinary.com/mhmd/image/upload/v1570786269/hoverSet-10_ccl30n.jpg,
Karnataka,Bangalore,CHRIST(Deemed to be University),https://www.christuniversity.in/,Mechanical and Automobile Engineering,Bachelor of Technology (BTech) in Mechanical Engineering,,https://res.cloudinary.com/mhmd/image/upload/v1570786269/hoverSet-10_ccl30n.jpg,
Karnataka,Bangalore,CHRIST(Deemed to be University),https://www.christuniversity.in/,"Performing Arts, Theatre Studies and Music","BA PEP-Bachelor of Arts (BA) in Performing Arts, English, Psychology ",,https://res.cloudinary.com/mhmd/image/upload/v1570786269/hoverSet-10_ccl30n.jpg,
Karnataka,Bangalore,CHRIST(Deemed to be University),https://www.christuniversity.in/,"Performing Arts, Theatre Studies and Music","BA TEP-Bachelor of Arts (BA) in Theatre Studies, English and Psychology ",,https://res.cloudinary.com/mhmd/image/upload/v1570786269/hoverSet-10_ccl30n.jpg,
Karnataka,Bangalore,CHRIST(Deemed to be University),https://www.christuniversity.in/,"Performing Arts, Theatre Studies and Music","BA MPE-Bachelor of Arts (BA) in Music-Western Classical, Psychology, English",,https://res.cloudinary.com/mhmd/image/upload/v1570786269/hoverSet-10_ccl30n.jpg,
Karnataka,Bangalore,CHRIST(Deemed to be University),https://www.christuniversity.in/,Philosophy and Theology,Bachelor of Arts (BA) in Philosophy,,https://res.cloudinary.com/mhmd/image/upload/v1570786269/hoverSet-10_ccl30n.jpg,
Karnataka,Bangalore,CHRIST(Deemed to be University),https://www.christuniversity.in/,Physics and Electronics,"BSc CME-Bachelor of Science (BSc) in Computer Sc, Maths, Electronics ",,https://res.cloudinary.com/mhmd/image/upload/v1570786269/hoverSet-10_ccl30n.jpg,
Karnataka,Bangalore,CHRIST(Deemed to be University),https://www.christuniversity.in/,Physics and Electronics,"BSc PCM-Bachelor of Science (BSc) in Physics, Chemistry, Maths ",,https://res.cloudinary.com/mhmd/image/upload/v1570786269/hoverSet-10_ccl30n.jpg,
Karnataka,Bangalore,CHRIST(Deemed to be University),https://www.christuniversity.in/,Physics and Electronics,"BSc PME-Bachelor of Science (BSc) in Physics, Maths, Electronics",,https://res.cloudinary.com/mhmd/image/upload/v1570786269/hoverSet-10_ccl30n.jpg,
Karnataka,Bangalore,CHRIST(Deemed to be University),https://www.christuniversity.in/,Professional Studies,Bachelor of Commerce (Morning) ,,https://res.cloudinary.com/mhmd/image/upload/v1570786269/hoverSet-10_ccl30n.jpg,
Karnataka,Bangalore,CHRIST(Deemed to be University),https://www.christuniversity.in/,Professional Studies,Bachelor of Commerce (Finance and Accountancy) ,,https://res.cloudinary.com/mhmd/image/upload/v1570786269/hoverSet-10_ccl30n.jpg,
Karnataka,Bangalore,CHRIST(Deemed to be University),https://www.christuniversity.in/,Professional Studies,Bachelor of Commerce (Professional) ,,https://res.cloudinary.com/mhmd/image/upload/v1570786269/hoverSet-10_ccl30n.jpg,
Karnataka,Bangalore,CHRIST(Deemed to be University),https://www.christuniversity.in/,Professional Studies,Bachelor of Commerce (International Finance) ,,https://res.cloudinary.com/mhmd/image/upload/v1570786269/hoverSet-10_ccl30n.jpg,
Karnataka,Bangalore,CHRIST(Deemed to be University),https://www.christuniversity.in/,Professional Studies,Bachelor of Business Administration (Finance and Accountancy),,https://res.cloudinary.com/mhmd/image/upload/v1570786269/hoverSet-10_ccl30n.jpg,
Karnataka,Bangalore,CHRIST(Deemed to be University),https://www.christuniversity.in/,Psychology,"BA CEP-Bachelor of Arts (BA) in Communication and Media, English and Psychology ",,https://res.cloudinary.com/mhmd/image/upload/v1570786269/hoverSet-10_ccl30n.jpg,
Karnataka,Bangalore,CHRIST(Deemed to be University),https://www.christuniversity.in/,Psychology,"BA JPEng-Bachelor of Arts (BA) in Journalism, Psychology, English ",,https://res.cloudinary.com/mhmd/image/upload/v1570786269/hoverSet-10_ccl30n.jpg,
Karnataka,Bangalore,CHRIST(Deemed to be University),https://www.christuniversity.in/,Psychology,"BA PSEng-Bachelor of Arts (BA) in Psychology, Sociology, English ",,https://res.cloudinary.com/mhmd/image/upload/v1570786269/hoverSet-10_ccl30n.jpg,
Karnataka,Bangalore,CHRIST(Deemed to be University),https://www.christuniversity.in/,Psychology,"BA PSEco-Bachelor of Arts (BA) in Psychology, Sociology, Economics ",,https://res.cloudinary.com/mhmd/image/upload/v1570786269/hoverSet-10_ccl30n.jpg,
Karnataka,Bangalore,CHRIST(Deemed to be University),https://www.christuniversity.in/,Psychology,"BA PEP-Bachelor of Arts (BA) in Performing Arts, English, Psychology ",,https://res.cloudinary.com/mhmd/image/upload/v1570786269/hoverSet-10_ccl30n.jpg,
Karnataka,Bangalore,CHRIST(Deemed to be University),https://www.christuniversity.in/,Psychology,"BA TEP-Bachelor of Arts (BA) in Theatre Studies, English and Psychology ",,https://res.cloudinary.com/mhmd/image/upload/v1570786269/hoverSet-10_ccl30n.jpg,
Karnataka,Bangalore,CHRIST(Deemed to be University),https://www.christuniversity.in/,Psychology,"BA MPE-Bachelor of Arts (BA) in Music-Western Classical, Psychology, English",,https://res.cloudinary.com/mhmd/image/upload/v1570786269/hoverSet-10_ccl30n.jpg,
Karnataka,Bangalore,CHRIST(Deemed to be University),https://www.christuniversity.in/,Architecture,Bachelor of Architecture,,https://res.cloudinary.com/mhmd/image/upload/v1570786269/hoverSet-10_ccl30n.jpg,
Karnataka,Bangalore,CHRIST(Deemed to be University),https://www.christuniversity.in/,School of Education,Bachelor of Education (BEd),,https://res.cloudinary.com/mhmd/image/upload/v1570786269/hoverSet-10_ccl30n.jpg,
Karnataka,Bangalore,CHRIST(Deemed to be University),https://www.christuniversity.in/,Tourism Management,Bachelor of Business Management (Tourism and Travel Management),,https://res.cloudinary.com/mhmd/image/upload/v1570786269/hoverSet-10_ccl30n.jpg,
Karnataka,Bangalore,CHRIST(Deemed to be University),https://www.christuniversity.in/,Sociology and Social Work,"BA EPS-Bachelor of Arts (BA) in Economics, Political Science, Sociology ",,https://res.cloudinary.com/mhmd/image/upload/v1570786269/hoverSet-10_ccl30n.jpg,
Karnataka,Bangalore,CHRIST(Deemed to be University),https://www.christuniversity.in/,Sociology and Social Work,"BA PSEng-Bachelor of Arts (BA) in Psychology, Sociology, English ",,https://res.cloudinary.com/mhmd/image/upload/v1570786269/hoverSet-10_ccl30n.jpg,
Karnataka,Bangalore,CHRIST(Deemed to be University),https://www.christuniversity.in/,Sociology and Social Work,"BA PSEco-Bachelor of Arts (BA) in Psychology, Sociology, Economics",,https://res.cloudinary.com/mhmd/image/upload/v1570786269/hoverSet-10_ccl30n.jpg,
Karnataka,Bangalore,JAIN(Deemed to be University),https://jainuniversity.ac.in/,Commerce,Bachelor of Commerce (B.Com Regular) in Capital Markets ,,https://res.cloudinary.com/mhmd/image/upload/v1570786269/hoverSet-10_ccl30n.jpg,
Karnataka,Bangalore,JAIN(Deemed to be University),https://jainuniversity.ac.in/,Commerce,Bachelor of Commerce (B.Com Regular) in Entrepreneurship & Business Management ,,https://res.cloudinary.com/mhmd/image/upload/v1570786269/hoverSet-10_ccl30n.jpg,
Karnataka,Bangalore,JAIN(Deemed to be University),https://jainuniversity.ac.in/,Commerce,Bachelor of Commerce (B.Com Regular) in General Management,,https://res.cloudinary.com/mhmd/image/upload/v1570786269/hoverSet-10_ccl30n.jpg,
Karnataka,Bangalore,JAIN(Deemed to be University),https://jainuniversity.ac.in/,Commerce,Bachelor of Commerce (B.Com Professional ) in  Banking and Finance ,,https://res.cloudinary.com/mhmd/image/upload/v1570786269/hoverSet-10_ccl30n.jpg,
Karnataka,Bangalore,JAIN(Deemed to be University),https://jainuniversity.ac.in/,Commerce,Bachelor of Commerce (B.Com Professional ) Coaching in Chartered Accountant (CA) and Certified Program in General Management ,,https://res.cloudinary.com/mhmd/image/upload/v1570786269/hoverSet-10_ccl30n.jpg,
Karnataka,Bangalore,JAIN(Deemed to be University),https://jainuniversity.ac.in/,Commerce,Bachelor of Commerce (B.Com Professional ) Coaching in Company Secretary (CS) and Certified Program in General Management,,https://res.cloudinary.com/mhmd/image/upload/v1570786269/hoverSet-10_ccl30n.jpg,
Karnataka,Bangalore,JAIN(Deemed to be University),https://jainuniversity.ac.in/,Commerce,Bachelor of Commerce (B.Com Honors) in Business Analytics Integrated with Institute of Analytics (IoA – UK) ,,https://res.cloudinary.com/mhmd/image/upload/v1570786269/hoverSet-10_ccl30n.jpg,
Karnataka,Bangalore,JAIN(Deemed to be University),https://jainuniversity.ac.in/,Commerce,Bachelor of Commerce (B.Com Honors) in Corporate Accounting Integrated with Certified Management Accountant (US CMA) ,,https://res.cloudinary.com/mhmd/image/upload/v1570786269/hoverSet-10_ccl30n.jpg,
Karnataka,Bangalore,JAIN(Deemed to be University),https://jainuniversity.ac.in/,Commerce,Bachelor of Commerce (B.Com Honors) in Corporate Finance Integrated with Certified Public Accountant (US CPA) + Enrolled Agent (US EA) ,,https://res.cloudinary.com/mhmd/image/upload/v1570786269/hoverSet-10_ccl30n.jpg,
Karnataka,Bangalore,JAIN(Deemed to be University),https://jainuniversity.ac.in/,Commerce,"Bachelor of Commerce (B.Com Honors) in Finance, Accounting, Audit and Taxation with KPMG Certified Accounting Professional (KCAP) ",,https://res.cloudinary.com/mhmd/image/upload/v1570786269/hoverSet-10_ccl30n.jpg,
Karnataka,Bangalore,JAIN(Deemed to be University),https://jainuniversity.ac.in/,Commerce,Bachelor of Commerce (B.Com Honors) in Global Accounting Practices with Association of International Accountants (AIA - UK) ,,https://res.cloudinary.com/mhmd/image/upload/v1570786269/hoverSet-10_ccl30n.jpg,
Karnataka,Bangalore,JAIN(Deemed to be University),https://jainuniversity.ac.in/,Commerce,Bachelor of Commerce (B.Com Honors) in International Finance and Accounting Integrated with Association of Chartered Certified Accountants (ACCA - UK) ,,https://res.cloudinary.com/mhmd/image/upload/v1570786269/hoverSet-10_ccl30n.jpg,
Karnataka,Bangalore,JAIN(Deemed to be University),https://jainuniversity.ac.in/,Commerce,Bachelor of Commerce (B.Com Honors) in Investment Banking Integrated with Certified Management Accountant (US CMA) and Chartered Financial Analyst (US CFA) Investment Foundation ,,https://res.cloudinary.com/mhmd/image/upload/v1570786269/hoverSet-10_ccl30n.jpg,
Karnataka,Bangalore,JAIN(Deemed to be University),https://jainuniversity.ac.in/,Commerce,Bachelor of Commerce (B.Com Honors) in Logistics and Supply Chain Management ,,https://res.cloudinary.com/mhmd/image/upload/v1570786269/hoverSet-10_ccl30n.jpg,
Karnataka,Bangalore,JAIN(Deemed to be University),https://jainuniversity.ac.in/,Commerce,Bachelor of Commerce (B.Com Honors) in Risk Management Integrated with Chartered Institute of Management Accountant (CIMA – UK) ,,https://res.cloudinary.com/mhmd/image/upload/v1570786269/hoverSet-10_ccl30n.jpg,
Karnataka,Bangalore,JAIN(Deemed to be University),https://jainuniversity.ac.in/,Commerce,Bachelor of Commerce (B.Com Honors) in Financial Technologies,,https://res.cloudinary.com/mhmd/image/upload/v1570786269/hoverSet-10_ccl30n.jpg,
Karnataka,Bangalore,CHRIST(Deemed to be University),https://www.christuniversity.in/,Commerce,Bachelor of Commerce (Strategic Finance Honours) ,,https://res.cloudinary.com/mhmd/image/upload/v1570786269/hoverSet-10_ccl30n.jpg,
Karnataka,Bangalore,CHRIST(Deemed to be University),https://www.christuniversity.in/,Commerce,Bachelor of Commerce (BCom) ,,https://res.cloudinary.com/mhmd/image/upload/v1570786269/hoverSet-10_ccl30n.jpg,
Karnataka,Bangalore,CHRIST(Deemed to be University),https://www.christuniversity.in/,Commerce,Bachelor of Commerce (Honours),,https://res.cloudinary.com/mhmd/image/upload/v1570786269/hoverSet-10_ccl30n.jpg,
Karnataka,Bangalore,JAIN(Deemed to be University),https://jainuniversity.ac.in/,Vocational Studies,Bachelor of Vocational Studies (BVoc) in Animation ,,https://res.cloudinary.com/mhmd/image/upload/v1570786269/hoverSet-10_ccl30n.jpg,
Karnataka,Bangalore,JAIN(Deemed to be University),https://jainuniversity.ac.in/,Vocational Studies,Bachelor of Vocational Studies (BVoc) in Digital Production ,,https://res.cloudinary.com/mhmd/image/upload/v1570786269/hoverSet-10_ccl30n.jpg,
Karnataka,Bangalore,JAIN(Deemed to be University),https://jainuniversity.ac.in/,Vocational Studies,Bachelor of Vocational Studies (BVoc) in Game Design ,,https://res.cloudinary.com/mhmd/image/upload/v1570786269/hoverSet-10_ccl30n.jpg,
Karnataka,Bangalore,JAIN(Deemed to be University),https://jainuniversity.ac.in/,Vocational Studies,Bachelor of Vocational Studies (BVoc) in Multimedia ,,https://res.cloudinary.com/mhmd/image/upload/v1570786269/hoverSet-10_ccl30n.jpg,
Karnataka,Bangalore,JAIN(Deemed to be University),https://jainuniversity.ac.in/,Vocational Studies,Bachelor of Vocational Studies (BVoc) in Visual Communication ,,https://res.cloudinary.com/mhmd/image/upload/v1570786269/hoverSet-10_ccl30n.jpg,
Karnataka,Bangalore,JAIN(Deemed to be University),https://jainuniversity.ac.in/,Vocational Studies,Bachelor of Vocational Studies (BVoc) in Logistics Management ,,https://res.cloudinary.com/mhmd/image/upload/v1570786269/hoverSet-10_ccl30n.jpg,
Karnataka,Bangalore,JAIN(Deemed to be University),https://jainuniversity.ac.in/,Vocational Studies,Bachelor of Vocational Studies (BVoc) in Information Technology ,,https://res.cloudinary.com/mhmd/image/upload/v1570786269/hoverSet-10_ccl30n.jpg,
Karnataka,Bangalore,JAIN(Deemed to be University),https://jainuniversity.ac.in/,Vocational Studies,Bachelor of Vocational Studies (BVoc) in Banking and Finance ,,https://res.cloudinary.com/mhmd/image/upload/v1570786269/hoverSet-10_ccl30n.jpg,
Karnataka,Bangalore,JAIN(Deemed to be University),https://jainuniversity.ac.in/,Vocational Studies,Bachelor of Vocational Studies (BVoc) in Accounting and Business ,,https://res.cloudinary.com/mhmd/image/upload/v1570786269/hoverSet-10_ccl30n.jpg,
Karnataka,Bangalore,JAIN(Deemed to be University),https://jainuniversity.ac.in/,Vocational Studies,Bachelor of Vocational Studies (BVoc) in Digital Marketing ,,https://res.cloudinary.com/mhmd/image/upload/v1570786269/hoverSet-10_ccl30n.jpg,
Karnataka,Bangalore,JAIN(Deemed to be University),https://jainuniversity.ac.in/,Vocational Studies,Bachelor of Vocational Studies (BVoc) in Beauty and Wellness Specialization in Cosmetology ,,https://res.cloudinary.com/mhmd/image/upload/v1570786269/hoverSet-10_ccl30n.jpg,
Karnataka,Bangalore,JAIN(Deemed to be University),https://jainuniversity.ac.in/,Vocational Studies,Bachelor of Vocational Studies (BVoc) in Catering Technology and Hotel Management ,,https://res.cloudinary.com/mhmd/image/upload/v1570786269/hoverSet-10_ccl30n.jpg,
Karnataka,Bangalore,JAIN(Deemed to be University),https://jainuniversity.ac.in/,Vocational Studies,Bachelor of Vocational Studies (BVoc) in Fashion Technology ,,https://res.cloudinary.com/mhmd/image/upload/v1570786269/hoverSet-10_ccl30n.jpg,
Karnataka,Bangalore,JAIN(Deemed to be University),https://jainuniversity.ac.in/,Vocational Studies,Bachelor of Vocational Studies (BVoc) in Aviation Management ,,https://res.cloudinary.com/mhmd/image/upload/v1570786269/hoverSet-10_ccl30n.jpg,
Karnataka,Bangalore,JAIN(Deemed to be University),https://jainuniversity.ac.in/,Vocational Studies,Bachelor of Vocational Studies (BVoc) in Interior Design ,,https://res.cloudinary.com/mhmd/image/upload/v1570786269/hoverSet-10_ccl30n.jpg,
Karnataka,Bangalore,JAIN(Deemed to be University),https://jainuniversity.ac.in/,Vocational Studies,Bachelor of Vocational Studies (BVoc) in Tool Engineering ,,https://res.cloudinary.com/mhmd/image/upload/v1570786269/hoverSet-10_ccl30n.jpg,
Karnataka,Bangalore,JAIN(Deemed to be University),https://jainuniversity.ac.in/,Vocational Studies,Bachelor of Vocational Studies (BVoc) in Mechatronics ,,https://res.cloudinary.com/mhmd/image/upload/v1570786269/hoverSet-10_ccl30n.jpg,
Karnataka,Bangalore,JAIN(Deemed to be University),https://jainuniversity.ac.in/,Vocational Studies,Bachelor of Vocational Studies (BVoc) in Computer Engineering,,https://res.cloudinary.com/mhmd/image/upload/v1570786269/hoverSet-10_ccl30n.jpg,
